cardName,rarity,set_edition,num,tcgplayer_price,cardmarket_price,set,set_abbv,DateTime
Aqua Madoor,R,Unlimited,LOB-EN027,0.13,0.11,Legend of Blue Eyes White Dragon (25th Anniversary Edition),LOB,2024-04-24
Aqua Madoor,R,Unlimited,LOB-EN027,0.14,0.11,Legend of Blue Eyes White Dragon (Worldwide English),LOB,2024-04-24
Aqua Madoor,R,Unlimited,LOB-027,0.27,0.11,The Legend of Blue Eyes White Dragon,LOB,2024-04-24
Aqua Madoor,R,1st Edition,LOB-027,10.73,0.11,The Legend of Blue Eyes White Dragon,LOB,2024-04-24
Armaill,C,Unlimited,LOB-EN079,0.04,0.62,Legend of Blue Eyes White Dragon (25th Anniversary Edition),LOB,2024-04-24
Armaill,C,Unlimited,LOB-EN079,0.00,0.62,Legend of Blue Eyes White Dragon (Worldwide English),LOB,2024-04-24
Armaill,C,Unlimited,LOB-079,0.19,0.62,The Legend of Blue Eyes White Dragon,LOB,2024-04-24
Armaill,C,1st Edition,LOB-079,0.95,0.62,The Legend of Blue Eyes White Dragon,LOB,2024-04-24
Armed Ninja,R,Unlimited,LOB-EN106,0.10,0.15,Legend of Blue Eyes White Dragon (25th Anniversary Edition),LOB,2024-04-24
Armed Ninja,R,Unlimited,LOB-EN106,0.74,0.15,Legend of Blue Eyes White Dragon (Worldwide English),LOB,2024-04-24
Armed Ninja,R,Unlimited,LOB-106,0.36,0.15,The Legend of Blue Eyes White Dragon,LOB,2024-04-24
Armed Ninja,R,1st Edition,LOB-106,13.90,0.15,The Legend of Blue Eyes White Dragon,LOB,2024-04-24
Armored Starfish,C,Unlimited,LOB-EN116,0.04,0.53,Legend of Blue Eyes White Dragon (25th Anniversary Edition),LOB,2024-04-24
Armored Starfish,C,Unlimited,LOB-EN116,0.00,0.53,Legend of Blue Eyes White Dragon (Worldwide English),LOB,2024-04-24
Armored Starfish,C,Unlimited,LOB-116,0.15,0.53,The Legend of Blue Eyes White Dragon,LOB,2024-04-24
Armored Starfish,C,1st Edition,LOB-116,0.65,0.53,The Legend of Blue Eyes White Dragon,LOB,2024-04-24
Basic Insect,C,Unlimited,LOB-EN008,0.08,0.15,Legend of Blue Eyes White Dragon (25th Anniversary Edition),LOB,2024-04-24
Basic Insect,C,Unlimited,LOB-EN008,0.30,0.15,Legend of Blue Eyes White Dragon (Worldwide English),LOB,2024-04-24
Basic Insect,C,Unlimited,LOB-008,0.23,0.15,The Legend of Blue Eyes White Dragon,LOB,2024-04-24
Basic Insect,C,1st Edition,LOB-008,1.33,0.15,The Legend of Blue Eyes White Dragon,LOB,2024-04-24
Beast Fangs,C,Unlimited,LOB-EN041,0.06,0.46,Legend of Blue Eyes White Dragon (25th Anniversary Edition),LOB,2024-04-24
Beast Fangs,C,Unlimited,LOB-EN041,0.00,0.46,Legend of Blue Eyes White Dragon (Worldwide English),LOB,2024-04-24
Beast Fangs,C,Unlimited,LOB-041,0.51,0.46,The Legend of Blue Eyes White Dragon,LOB,2024-04-24
Beast Fangs,C,1st Edition,LOB-041,9.23,0.46,The Legend of Blue Eyes White Dragon,LOB,2024-04-24
Beaver Warrior,C,Unlimited,LOB-EN064,0.09,0.10,Legend of Blue Eyes White Dragon (25th Anniversary Edition),LOB,2024-04-24
Beaver Warrior,C,Unlimited,LOB-EN064,0.15,0.10,Legend of Blue Eyes White Dragon (Worldwide English),LOB,2024-04-24
Beaver Warrior,C,Unlimited,LOB-064,0.26,0.10,The Legend of Blue Eyes White Dragon,LOB,2024-04-24
Beaver Warrior,C,1st Edition,LOB-064,3.45,0.10,The Legend of Blue Eyes White Dragon,LOB,2024-04-24
Blue-Eyes White Dragon,UR,Unlimited,LOB-EN001,34.09,0.21,Legend of Blue Eyes White Dragon (25th Anniversary Edition),LOB,2024-04-24
Blue-Eyes White Dragon,UR,Unlimited,LOB-EN001,19.50,0.21,Legend of Blue Eyes White Dragon (Worldwide English),LOB,2024-04-24
Blue-Eyes White Dragon,UR,1st Edition,LOB-001,0.00,0.21,The Legend of Blue Eyes White Dragon,LOB,2024-04-24
Blue-Eyes White Dragon,UR,Unlimited,LOB-001,68.15,0.21,The Legend of Blue Eyes White Dragon,LOB,2024-04-24
Book of Secret Arts,C,Unlimited,LOB-EN043,0.10,0.08,Legend of Blue Eyes White Dragon (25th Anniversary Edition),LOB,2024-04-24
Book of Secret Arts,C,Unlimited,LOB-EN043,0.00,0.08,Legend of Blue Eyes White Dragon (Worldwide English),LOB,2024-04-24
Book of Secret Arts,C,Unlimited,LOB-043,0.49,0.08,The Legend of Blue Eyes White Dragon,LOB,2024-04-24
Book of Secret Arts,C,1st Edition,LOB-043,16.03,0.08,The Legend of Blue Eyes White Dragon,LOB,2024-04-24
Celtic Guardian,SR,Unlimited,LOB-EN007,1.91,0.12,Legend of Blue Eyes White Dragon (25th Anniversary Edition),LOB,2024-04-24
Celtic Guardian,SR,Unlimited,LOB-EN007,3.10,0.12,Legend of Blue Eyes White Dragon (Worldwide English),LOB,2024-04-24
Celtic Guardian,SR,Unlimited,LOB-007,2.87,0.12,The Legend of Blue Eyes White Dragon,LOB,2024-04-24
Celtic Guardian,SR,1st Edition,LOB-007,173.00,0.12,The Legend of Blue Eyes White Dragon,LOB,2024-04-24
Charubin the Fire Knight,R,Unlimited,LOB-EN015,0.16,0.29,Legend of Blue Eyes White Dragon (25th Anniversary Edition),LOB,2024-04-24
Charubin the Fire Knight,R,Unlimited,LOB-EN015,3.00,0.29,Legend of Blue Eyes White Dragon (Worldwide English),LOB,2024-04-24
Charubin the Fire Knight,R,Unlimited,LOB-015,0.33,0.29,The Legend of Blue Eyes White Dragon,LOB,2024-04-24
Charubin the Fire Knight,R,1st Edition,LOB-015,10.21,0.29,The Legend of Blue Eyes White Dragon,LOB,2024-04-24
Curse of Dragon,SR,Unlimited,LOB-EN066,1.75,0.07,Legend of Blue Eyes White Dragon (25th Anniversary Edition),LOB,2024-04-24
Curse of Dragon,SR,Unlimited,LOB-EN066,3.27,0.07,Legend of Blue Eyes White Dragon (Worldwide English),LOB,2024-04-24
Curse of Dragon,SR,Unlimited,LOB-066,2.83,0.07,The Legend of Blue Eyes White Dragon,LOB,2024-04-24
Curse of Dragon,SR,1st Edition,LOB-066,73.38,0.07,The Legend of Blue Eyes White Dragon,LOB,2024-04-24
Dark Energy,C,Unlimited,LOB-EN088,0.09,0.45,Legend of Blue Eyes White Dragon (25th Anniversary Edition),LOB,2024-04-24
Dark Energy,C,Unlimited,LOB-EN088,0.00,0.45,Legend of Blue Eyes White Dragon (Worldwide English),LOB,2024-04-24
Dark Energy,C,Unlimited,LOB-088,0.43,0.45,The Legend of Blue Eyes White Dragon,LOB,2024-04-24
Dark Energy,C,1st Edition,LOB-088,10.74,0.45,The Legend of Blue Eyes White Dragon,LOB,2024-04-24
Dark Gray,C,Unlimited,LOB-EN011,0.05,0.37,Legend of Blue Eyes White Dragon (25th Anniversary Edition),LOB,2024-04-24
Dark Gray,C,Unlimited,LOB-EN011,0.00,0.37,Legend of Blue Eyes White Dragon (Worldwide English),LOB,2024-04-24
Dark Gray,C,Unlimited,LOB-011,0.20,0.37,The Legend of Blue Eyes White Dragon,LOB,2024-04-24
Dark Gray,C,1st Edition,LOB-011,2.71,0.37,The Legend of Blue Eyes White Dragon,LOB,2024-04-24
Dark Hole,SR,Unlimited,LOB-EN052,1.24,0.09,Legend of Blue Eyes White Dragon (25th Anniversary Edition),LOB,2024-04-24
Dark Hole,SR,Unlimited,LOB-EN052,2.11,0.09,The Legend of Blue Eyes White Dragon,LOB,2024-04-24
Dark Hole,SR,Unlimited,LOB-052,3.63,0.09,The Legend of Blue Eyes White Dragon,LOB,2024-04-24
Dark Hole,SR,1st Edition,LOB-052,128.85,0.09,The Legend of Blue Eyes White Dragon,LOB,2024-04-24
Dark King of the Abyss,C,Unlimited,LOB-EN020,0.07,0.30,Legend of Blue Eyes White Dragon (25th Anniversary Edition),LOB,2024-04-24
Dark King of the Abyss,C,Unlimited,LOB-EN020,0.00,0.30,Legend of Blue Eyes White Dragon (Worldwide English),LOB,2024-04-24
Dark King of the Abyss,C,Unlimited,LOB-020,0.18,0.30,The Legend of Blue Eyes White Dragon,LOB,2024-04-24
Dark King of the Abyss,C,1st Edition,LOB-020,1.52,0.30,The Legend of Blue Eyes White Dragon,LOB,2024-04-24
Dark Magician,UR,Unlimited,LOB-EN005,21.60,0.08,Legend of Blue Eyes White Dragon (25th Anniversary Edition),LOB,2024-04-24
Dark Magician,UR,Unlimited,LOB-EN005,24.99,0.08,Legend of Blue Eyes White Dragon (Worldwide English),LOB,2024-04-24
Dark Magician,UR,Unlimited,LOB-005,29.81,0.08,The Legend of Blue Eyes White Dragon,LOB,2024-04-24
Dark Magician,UR,1st Edition,LOB-005,549.99,0.08,The Legend of Blue Eyes White Dragon,LOB,2024-04-24
Darkfire Dragon,R,Unlimited,LOB-EN019,2.38,8.57,Legend of Blue Eyes White Dragon (25th Anniversary Edition),LOB,2024-04-24
Darkfire Dragon,R,Unlimited,LOB-EN019,2.73,8.57,Legend of Blue Eyes White Dragon (Worldwide English),LOB,2024-04-24
Darkfire Dragon,R,Unlimited,LOB-019,2.74,8.57,The Legend of Blue Eyes White Dragon,LOB,2024-04-24
Darkfire Dragon,R,1st Edition,LOB-019,21.32,8.57,The Legend of Blue Eyes White Dragon,LOB,2024-04-24
Darkworld Thorns,C,Unlimited,LOB-EN114,0.06,0.61,Legend of Blue Eyes White Dragon (25th Anniversary Edition),LOB,2024-04-24
Darkworld Thorns,C,Unlimited,LOB-EN114,0.74,0.61,Legend of Blue Eyes White Dragon (Worldwide English),LOB,2024-04-24
Darkworld Thorns,C,Unlimited,LOB-114,0.18,0.61,The Legend of Blue Eyes White Dragon,LOB,2024-04-24
Darkworld Thorns,C,1st Edition,LOB-114,1.57,0.61,The Legend of Blue Eyes White Dragon,LOB,2024-04-24
Dissolverock,C,Unlimited,LOB-EN031,0.05,1.39,Legend of Blue Eyes White Dragon (25th Anniversary Edition),LOB,2024-04-24
Dissolverock,C,Unlimited,LOB-EN031,0.07,1.39,Legend of Blue Eyes White Dragon (Worldwide English),LOB,2024-04-24
Dissolverock,C,Unlimited,LOB-031,0.17,1.39,The Legend of Blue Eyes White Dragon,LOB,2024-04-24
Dissolverock,C,1st Edition,LOB-031,1.18,1.39,The Legend of Blue Eyes White Dragon,LOB,2024-04-24
Dragon Capture Jar,R,Unlimited,LOB-EN045,0.26,0.27,Legend of Blue Eyes White Dragon (25th Anniversary Edition),LOB,2024-04-24
Dragon Capture Jar,R,Unlimited,LOB-EN045,2.52,0.27,Legend of Blue Eyes White Dragon (Worldwide English),LOB,2024-04-24
Dragon Capture Jar,R,Unlimited,LOB-045,0.47,0.27,The Legend of Blue Eyes White Dragon,LOB,2024-04-24
Dragon Capture Jar,R,1st Edition,LOB-045,6.48,0.27,The Legend of Blue Eyes White Dragon,LOB,2024-04-24
Dragon Treasure,C,Unlimited,LOB-EN092,0.10,0.15,Legend of Blue Eyes White Dragon (25th Anniversary Edition),LOB,2024-04-24
Dragon Treasure,C,Unlimited,LOB-EN092,0.00,0.15,Legend of Blue Eyes White Dragon (Worldwide English),LOB,2024-04-24
Dragon Treasure,C,Unlimited,LOB-092,0.39,0.15,The Legend of Blue Eyes White Dragon,LOB,2024-04-24
Dragon Treasure,C,1st Edition,LOB-092,22.58,0.15,The Legend of Blue Eyes White Dragon,LOB,2024-04-24
Dragoness the Wicked Knight,R,Unlimited,LOB-EN086,0.97,0.85,Legend of Blue Eyes White Dragon (25th Anniversary Edition),LOB,2024-04-24
Dragoness the Wicked Knight,R,Unlimited,LOB-EN086,2.27,0.85,Legend of Blue Eyes White Dragon (Worldwide English),LOB,2024-04-24
Dragoness the Wicked Knight,R,Unlimited,LOB-086,0.80,0.85,The Legend of Blue Eyes White Dragon,LOB,2024-04-24
Dragoness the Wicked Knight,R,1st Edition,LOB-086,15.68,0.85,The Legend of Blue Eyes White Dragon,LOB,2024-04-24
Drooling Lizard,C,Unlimited,LOB-EN115,0.04,0.85,Legend of Blue Eyes White Dragon (25th Anniversary Edition),LOB,2024-04-24
Drooling Lizard,C,Unlimited,LOB-EN115,0.00,0.85,Legend of Blue Eyes White Dragon (Worldwide English),LOB,2024-04-24
Drooling Lizard,C,Unlimited,LOB-115,0.15,0.85,The Legend of Blue Eyes White Dragon,LOB,2024-04-24
Drooling Lizard,C,1st Edition,LOB-115,1.33,0.85,The Legend of Blue Eyes White Dragon,LOB,2024-04-24
Electro-Whip,C,Unlimited,LOB-EN093,0.05,0.30,Legend of Blue Eyes White Dragon (25th Anniversary Edition),LOB,2024-04-24
Electro-Whip,C,Unlimited,LOB-EN093,0.00,0.30,Legend of Blue Eyes White Dragon (Worldwide English),LOB,2024-04-24
Electro-Whip,C,Unlimited,LOB-093,0.17,0.30,The Legend of Blue Eyes White Dragon,LOB,2024-04-24
Electro-Whip,C,1st Edition,LOB-093,2.08,0.30,The Legend of Blue Eyes White Dragon,LOB,2024-04-24
Enchanting Mermaid,C,Unlimited,LOB-EN084,0.05,0.20,Legend of Blue Eyes White Dragon (25th Anniversary Edition),LOB,2024-04-24
Enchanting Mermaid,C,Unlimited,LOB-EN084,0.74,0.20,Legend of Blue Eyes White Dragon (Worldwide English),LOB,2024-04-24
Enchanting Mermaid,C,Unlimited,LOB-084,0.21,0.20,The Legend of Blue Eyes White Dragon,LOB,2024-04-24
Enchanting Mermaid,C,1st Edition,LOB-084,1.49,0.20,The Legend of Blue Eyes White Dragon,LOB,2024-04-24
Exodia the Forbidden One,UR,Unlimited,LOB-EN124,14.74,0.43,Legend of Blue Eyes White Dragon (25th Anniversary Edition),LOB,2024-04-24
Exodia the Forbidden One,UR,Unlimited,LOB-EN124,24.11,0.43,Legend of Blue Eyes White Dragon (Worldwide English),LOB,2024-04-24
Exodia the Forbidden One,UR,Unlimited,LOB-124,26.01,0.43,The Legend of Blue Eyes White Dragon,LOB,2024-04-24
Exodia the Forbidden One,UR,1st Edition,LOB-124,384.99,0.43,The Legend of Blue Eyes White Dragon,LOB,2024-04-24
Fiend Reflection #2,C,Unlimited,LOB-EN021,0.06,0.62,Legend of Blue Eyes White Dragon (25th Anniversary Edition),LOB,2024-04-24
Fiend Reflection #2,C,Unlimited,LOB-EN021,0.00,0.62,Legend of Blue Eyes White Dragon (Worldwide English),LOB,2024-04-24
Fiend Reflection #2,C,Unlimited,LOB-021,0.16,0.62,The Legend of Blue Eyes White Dragon,LOB,2024-04-24
Fiend Reflection #2,C,1st Edition,LOB-021,0.77,0.62,The Legend of Blue Eyes White Dragon,LOB,2024-04-24
Final Flame,R,Unlimited,LOB-EN100,0.17,3.10,Legend of Blue Eyes White Dragon (25th Anniversary Edition),LOB,2024-04-24
Final Flame,R,Unlimited,LOB-EN100,2.49,3.10,Legend of Blue Eyes White Dragon (Worldwide English),LOB,2024-04-24
Final Flame,R,Unlimited,LOB-100,0.46,3.10,The Legend of Blue Eyes White Dragon,LOB,2024-04-24
Final Flame,R,1st Edition,LOB-100,15.07,3.10,The Legend of Blue Eyes White Dragon,LOB,2024-04-24
Firegrass,C,Unlimited,LOB-EN018,0.04,0.74,Legend of Blue Eyes White Dragon (25th Anniversary Edition),LOB,2024-04-24
Firegrass,C,Unlimited,LOB-EN018,0.00,0.74,Legend of Blue Eyes White Dragon (Worldwide English),LOB,2024-04-24
Firegrass,C,Unlimited,LOB-018,0.17,0.74,The Legend of Blue Eyes White Dragon,LOB,2024-04-24
Firegrass,C,1st Edition,LOB-018,2.09,0.74,The Legend of Blue Eyes White Dragon,LOB,2024-04-24
Fireyarou,C,Unlimited,LOB-EN085,0.04,0.36,Legend of Blue Eyes White Dragon (25th Anniversary Edition),LOB,2024-04-24
Fireyarou,C,Unlimited,LOB-EN085,0.78,0.36,Legend of Blue Eyes White Dragon (Worldwide English),LOB,2024-04-24
Fireyarou,C,Unlimited,LOB-085,0.14,0.36,The Legend of Blue Eyes White Dragon,LOB,2024-04-24
Fireyarou,C,1st Edition,LOB-085,1.19,0.36,The Legend of Blue Eyes White Dragon,LOB,2024-04-24
Fissure,R,Unlimited,LOB-EN057,0.21,0.05,Legend of Blue Eyes White Dragon (25th Anniversary Edition),LOB,2024-04-24
Fissure,R,Unlimited,LOB-EN057,0.00,0.05,Legend of Blue Eyes White Dragon (Worldwide English),LOB,2024-04-24
Fissure,R,Unlimited,LOB-057,0.59,0.05,The Legend of Blue Eyes White Dragon,LOB,2024-04-24
Fissure,R,1st Edition,LOB-057,12.45,0.05,The Legend of Blue Eyes White Dragon,LOB,2024-04-24
Flame Ghost,R,Unlimited,LOB-EN029,0.26,1.98,Legend of Blue Eyes White Dragon (25th Anniversary Edition),LOB,2024-04-24
Flame Ghost,R,Unlimited,LOB-EN029,3.25,1.98,Legend of Blue Eyes White Dragon (Worldwide English),LOB,2024-04-24
Flame Ghost,R,Unlimited,LOB-029,0.74,1.98,The Legend of Blue Eyes White Dragon,LOB,2024-04-24
Flame Ghost,R,1st Edition,LOB-029,18.76,1.98,The Legend of Blue Eyes White Dragon,LOB,2024-04-24
Flame Manipulator,C,Unlimited,LOB-EN016,0.11,0.09,Legend of Blue Eyes White Dragon (25th Anniversary Edition),LOB,2024-04-24
Flame Manipulator,C,Unlimited,LOB-EN016,0.00,0.09,Legend of Blue Eyes White Dragon (Worldwide English),LOB,2024-04-24
Flame Manipulator,C,Unlimited,LOB-016,0.25,0.09,The Legend of Blue Eyes White Dragon,LOB,2024-04-24
Flame Manipulator,C,1st Edition,LOB-016,1.58,0.09,The Legend of Blue Eyes White Dragon,LOB,2024-04-24
Flame Swordsman,SR,Unlimited,LOB-EN003,6.83,0.12,Legend of Blue Eyes White Dragon (25th Anniversary Edition),LOB,2024-04-24
Flame Swordsman,SR,Unlimited,LOB-EN003,5.17,0.12,Legend of Blue Eyes White Dragon (Worldwide English),LOB,2024-04-24
Flame Swordsman,SR,Unlimited,LOB-003,9.94,0.12,The Legend of Blue Eyes White Dragon,LOB,2024-04-24
Flame Swordsman,SR,1st Edition,LOB-003,195.95,0.12,The Legend of Blue Eyes White Dragon,LOB,2024-04-24
Flower Wolf,R,Unlimited,LOB-EN107,0.14,0.84,Legend of Blue Eyes White Dragon (25th Anniversary Edition),LOB,2024-04-24
Flower Wolf,R,Unlimited,LOB-EN107,0.00,0.84,Legend of Blue Eyes White Dragon (Worldwide English),LOB,2024-04-24
Flower Wolf,R,Unlimited,LOB-107,0.42,0.84,The Legend of Blue Eyes White Dragon,LOB,2024-04-24
Flower Wolf,R,1st Edition,LOB-107,7.56,0.84,The Legend of Blue Eyes White Dragon,LOB,2024-04-24
Follow Wind,C,Unlimited,LOB-EN098,0.07,0.45,Legend of Blue Eyes White Dragon (25th Anniversary Edition),LOB,2024-04-24
Follow Wind,C,Unlimited,LOB-EN098,0.30,0.45,Legend of Blue Eyes White Dragon (Worldwide English),LOB,2024-04-24
Follow Wind,C,Unlimited,LOB-098,0.43,0.45,The Legend of Blue Eyes White Dragon,LOB,2024-04-24
Follow Wind,C,1st Edition,LOB-098,9.94,0.45,The Legend of Blue Eyes White Dragon,LOB,2024-04-24
Forest,C,Unlimited,LOB-EN046,0.12,0.09,Legend of Blue Eyes White Dragon (25th Anniversary Edition),LOB,2024-04-24
Forest,C,Unlimited,LOB-EN046,0.75,0.09,Legend of Blue Eyes White Dragon (Worldwide English),LOB,2024-04-24
Forest,C,Unlimited,LOB-046,0.34,0.09,The Legend of Blue Eyes White Dragon,LOB,2024-04-24
Forest,C,1st Edition,LOB-046,2.08,0.09,The Legend of Blue Eyes White Dragon,LOB,2024-04-24
Frenzied Panda,C,Unlimited,LOB-EN081,0.07,0.12,Legend of Blue Eyes White Dragon (25th Anniversary Edition),LOB,2024-04-24
Frenzied Panda,C,Unlimited,LOB-EN081,0.00,0.12,Legend of Blue Eyes White Dragon (Worldwide English),LOB,2024-04-24
Frenzied Panda,C,Unlimited,LOB-081,0.16,0.12,The Legend of Blue Eyes White Dragon,LOB,2024-04-24
Frenzied Panda,C,1st Edition,LOB-081,0.92,0.12,The Legend of Blue Eyes White Dragon,LOB,2024-04-24
Fusionist,R,Unlimited,LOB-EN022,0.20,0.32,Legend of Blue Eyes White Dragon (25th Anniversary Edition),LOB,2024-04-24
Fusionist,R,Unlimited,LOB-EN022,3.99,0.32,Legend of Blue Eyes White Dragon (Worldwide English),LOB,2024-04-24
Fusionist,R,Unlimited,LOB-022,0.53,0.32,The Legend of Blue Eyes White Dragon,LOB,2024-04-24
Fusionist,R,1st Edition,LOB-022,10.03,0.32,The Legend of Blue Eyes White Dragon,LOB,2024-04-24
Gaia the Dragon Champion,ScR,Unlimited,LOB-EN125,2.40,0.02,Legend of Blue Eyes White Dragon (25th Anniversary Edition),LOB,2024-04-24
Gaia the Dragon Champion,ScR,Unlimited,LOB-EN125,13.00,0.02,Legend of Blue Eyes White Dragon (Worldwide English),LOB,2024-04-24
Gaia the Dragon Champion,ScR,Unlimited,LOB-125,5.16,0.02,The Legend of Blue Eyes White Dragon,LOB,2024-04-24
Gaia the Dragon Champion,ScR,1st Edition,LOB-125,299.99,0.02,The Legend of Blue Eyes White Dragon,LOB,2024-04-24
Gaia The Fierce Knight,UR,Unlimited,LOB-EN006,12.75,0.10,Legend of Blue Eyes White Dragon (25th Anniversary Edition),LOB,2024-04-24
Gaia The Fierce Knight,UR,Unlimited,LOB-EN006,7.49,0.10,Legend of Blue Eyes White Dragon (Worldwide English),LOB,2024-04-24
Gaia The Fierce Knight,UR,Unlimited,LOB-006,9.61,0.10,The Legend of Blue Eyes White Dragon,LOB,2024-04-24
Gaia The Fierce Knight,UR,1st Edition,LOB-006,238.88,0.10,The Legend of Blue Eyes White Dragon,LOB,2024-04-24
Giant Soldier of Stone,R,Unlimited,LOB-EN068,0.17,0.08,Legend of Blue Eyes White Dragon (25th Anniversary Edition),LOB,2024-04-24
Giant Soldier of Stone,R,Unlimited,LOB-EN068,0.00,0.08,Legend of Blue Eyes White Dragon (Worldwide English),LOB,2024-04-24
Giant Soldier of Stone,R,Unlimited,LOB-068,0.54,0.08,The Legend of Blue Eyes White Dragon,LOB,2024-04-24
Giant Soldier of Stone,R,1st Edition,LOB-068,14.59,0.08,The Legend of Blue Eyes White Dragon,LOB,2024-04-24
Goblin's Secret Remedy,R,Unlimited,LOB-EN099,0.15,2.14,Legend of Blue Eyes White Dragon (25th Anniversary Edition),LOB,2024-04-24
Goblin's Secret Remedy,R,Unlimited,LOB-EN099,0.00,2.14,Legend of Blue Eyes White Dragon (Worldwide English),LOB,2024-04-24
Goblin's Secret Remedy,R,Unlimited,LOB-099,0.24,2.14,The Legend of Blue Eyes White Dragon,LOB,2024-04-24
Goblin's Secret Remedy,R,1st Edition,LOB-099,9.56,2.14,The Legend of Blue Eyes White Dragon,LOB,2024-04-24
Gravedigger Ghoul,R,Unlimited,LOB-EN065,0.21,0.02,Legend of Blue Eyes White Dragon (25th Anniversary Edition),LOB,2024-04-24
Gravedigger Ghoul,R,Unlimited,LOB-EN065,0.00,0.02,Legend of Blue Eyes White Dragon (Worldwide English),LOB,2024-04-24
Gravedigger Ghoul,R,Unlimited,LOB-065,0.44,0.02,The Legend of Blue Eyes White Dragon,LOB,2024-04-24
Gravedigger Ghoul,R,1st Edition,LOB-065,6.68,0.02,The Legend of Blue Eyes White Dragon,LOB,2024-04-24
Green Phantom King,C,Unlimited,LOB-EN034,0.05,0.87,Legend of Blue Eyes White Dragon (25th Anniversary Edition),LOB,2024-04-24
Green Phantom King,C,Unlimited,LOB-EN034,0.00,0.87,Legend of Blue Eyes White Dragon (Worldwide English),LOB,2024-04-24
Green Phantom King,C,Unlimited,LOB-034,0.17,0.87,The Legend of Blue Eyes White Dragon,LOB,2024-04-24
Green Phantom King,C,1st Edition,LOB-034,2.96,0.87,The Legend of Blue Eyes White Dragon,LOB,2024-04-24
Hane-Hane,R,Unlimited,LOB-EN110,0.11,0.05,Legend of Blue Eyes White Dragon (25th Anniversary Edition),LOB,2024-04-24
Hane-Hane,R,Unlimited,LOB-EN110,0.00,0.05,Legend of Blue Eyes White Dragon (Worldwide English),LOB,2024-04-24
Hane-Hane,R,Unlimited,LOB-110,0.39,0.05,The Legend of Blue Eyes White Dragon,LOB,2024-04-24
Hane-Hane,R,1st Edition,LOB-110,6.04,0.05,The Legend of Blue Eyes White Dragon,LOB,2024-04-24
Hard Armor,C,Unlimited,LOB-EN074,0.04,0.42,Legend of Blue Eyes White Dragon (25th Anniversary Edition),LOB,2024-04-24
Hard Armor,C,Unlimited,LOB-EN074,0.96,0.42,Legend of Blue Eyes White Dragon (Worldwide English),LOB,2024-04-24
Hard Armor,C,Unlimited,LOB-074,0.18,0.42,The Legend of Blue Eyes White Dragon,LOB,2024-04-24
Hard Armor,C,1st Edition,LOB-074,0.80,0.42,The Legend of Blue Eyes White Dragon,LOB,2024-04-24
Hinotama,C,Unlimited,LOB-EN056,0.13,0.41,Legend of Blue Eyes White Dragon (25th Anniversary Edition),LOB,2024-04-24
Hinotama,C,Unlimited,LOB-EN056,0.00,0.41,Legend of Blue Eyes White Dragon (Worldwide English),LOB,2024-04-24
Hinotama,C,Unlimited,LOB-056,0.34,0.41,The Legend of Blue Eyes White Dragon,LOB,2024-04-24
Hinotama,C,1st Edition,LOB-056,2.40,0.41,The Legend of Blue Eyes White Dragon,LOB,2024-04-24
Hinotama Soul,C,Unlimited,LOB-EN026,0.05,0.66,Legend of Blue Eyes White Dragon (25th Anniversary Edition),LOB,2024-04-24
Hinotama Soul,C,Unlimited,LOB-EN026,0.00,0.66,Legend of Blue Eyes White Dragon (Worldwide English),LOB,2024-04-24
Hinotama Soul,C,Unlimited,LOB-026,0.19,0.66,The Legend of Blue Eyes White Dragon,LOB,2024-04-24
Hinotama Soul,C,1st Edition,LOB-026,1.99,0.66,The Legend of Blue Eyes White Dragon,LOB,2024-04-24
Hitotsu-Me Giant,C,Unlimited,LOB-EN002,0.07,0.24,Legend of Blue Eyes White Dragon (25th Anniversary Edition),LOB,2024-04-24
Hitotsu-Me Giant,C,Unlimited,LOB-EN002,0.25,0.24,Legend of Blue Eyes White Dragon (Worldwide English),LOB,2024-04-24
Hitotsu-Me Giant,C,Unlimited,LOB-002,0.28,0.24,The Legend of Blue Eyes White Dragon,LOB,2024-04-24
Hitotsu-Me Giant,C,1st Edition,LOB-002,3.41,0.24,The Legend of Blue Eyes White Dragon,LOB,2024-04-24
Kagemusha of the Blue Flame,C,Unlimited,LOB-EN028,0.05,0.33,Legend of Blue Eyes White Dragon (25th Anniversary Edition),LOB,2024-04-24
Kagemusha of the Blue Flame,C,Unlimited,LOB-EN028,0.25,0.33,Legend of Blue Eyes White Dragon (Worldwide English),LOB,2024-04-24
Kagemusha of the Blue Flame,C,Unlimited,LOB-028,0.19,0.33,The Legend of Blue Eyes White Dragon,LOB,2024-04-24
Kagemusha of the Blue Flame,C,1st Edition,LOB-028,2.67,0.33,The Legend of Blue Eyes White Dragon,LOB,2024-04-24
Karbonala Warrior,R,Unlimited,LOB-EN067,0.35,0.24,Legend of Blue Eyes White Dragon (25th Anniversary Edition),LOB,2024-04-24
Karbonala Warrior,R,Unlimited,LOB-EN067,0.98,0.24,Legend of Blue Eyes White Dragon (Worldwide English),LOB,2024-04-24
Karbonala Warrior,R,Unlimited,LOB-067,0.67,0.24,The Legend of Blue Eyes White Dragon,LOB,2024-04-24
Karbonala Warrior,R,1st Edition,LOB-067,14.59,0.24,The Legend of Blue Eyes White Dragon,LOB,2024-04-24
King Fog,C,Unlimited,LOB-EN036,0.04,1.48,Legend of Blue Eyes White Dragon (25th Anniversary Edition),LOB,2024-04-24
King Fog,C,Unlimited,LOB-EN036,0.00,1.48,Legend of Blue Eyes White Dragon (Worldwide English),LOB,2024-04-24
King Fog,C,Unlimited,LOB-036,0.17,1.48,The Legend of Blue Eyes White Dragon,LOB,2024-04-24
King Fog,C,1st Edition,LOB-036,1.30,1.48,The Legend of Blue Eyes White Dragon,LOB,2024-04-24
Kumootoko,C,Unlimited,LOB-EN082,0.03,0.06,Legend of Blue Eyes White Dragon (25th Anniversary Edition),LOB,2024-04-24
Kumootoko,C,Unlimited,LOB-EN082,0.00,0.06,Legend of Blue Eyes White Dragon (Worldwide English),LOB,2024-04-24
Kumootoko,C,Unlimited,LOB-082,0.22,0.06,The Legend of Blue Eyes White Dragon,LOB,2024-04-24
Kumootoko,C,1st Edition,LOB-082,2.02,0.06,The Legend of Blue Eyes White Dragon,LOB,2024-04-24
Kurama,C,Unlimited,LOB-EN039,0.03,0.02,Legend of Blue Eyes White Dragon (25th Anniversary Edition),LOB,2024-04-24
Kurama,C,Unlimited,LOB-EN039,0.10,0.02,Legend of Blue Eyes White Dragon (Worldwide English),LOB,2024-04-24
Kurama,C,Unlimited,LOB-039,0.17,0.02,The Legend of Blue Eyes White Dragon,LOB,2024-04-24
Kurama,C,1st Edition,LOB-039,0.83,0.02,The Legend of Blue Eyes White Dragon,LOB,2024-04-24
Larvas,C,Unlimited,LOB-EN073,0.03,0.23,Legend of Blue Eyes White Dragon (25th Anniversary Edition),LOB,2024-04-24
Larvas,C,Unlimited,LOB-EN073,1.00,0.23,Legend of Blue Eyes White Dragon (Worldwide English),LOB,2024-04-24
Larvas,C,Unlimited,LOB-073,0.16,0.23,The Legend of Blue Eyes White Dragon,LOB,2024-04-24
Larvas,C,1st Edition,LOB-073,0.45,0.23,The Legend of Blue Eyes White Dragon,LOB,2024-04-24
Laser Cannon Armor,C,Unlimited,LOB-EN089,0.08,0.09,Legend of Blue Eyes White Dragon (25th Anniversary Edition),LOB,2024-04-24
Laser Cannon Armor,C,Unlimited,LOB-EN089,0.00,0.09,Legend of Blue Eyes White Dragon (Worldwide English),LOB,2024-04-24
Laser Cannon Armor,C,Unlimited,LOB-089,0.36,0.09,The Legend of Blue Eyes White Dragon,LOB,2024-04-24
Laser Cannon Armor,C,1st Edition,LOB-089,12.63,0.09,The Legend of Blue Eyes White Dragon,LOB,2024-04-24
Left Arm of the Forbidden One,UR,Unlimited,LOB-EN123,16.13,0.84,Legend of Blue Eyes White Dragon (25th Anniversary Edition),LOB,2024-04-24
Left Arm of the Forbidden One,UR,Unlimited,LOB-EN123,16.99,0.84,Legend of Blue Eyes White Dragon (Worldwide English),LOB,2024-04-24
Left Arm of the Forbidden One,UR,Unlimited,LOB-123,16.23,0.84,The Legend of Blue Eyes White Dragon,LOB,2024-04-24
Left Arm of the Forbidden One,UR,1st Edition,LOB-123,499.99,0.84,The Legend of Blue Eyes White Dragon,LOB,2024-04-24
Left Leg of the Forbidden One,UR,Unlimited,LOB-EN121,17.62,0.90,Legend of Blue Eyes White Dragon (25th Anniversary Edition),LOB,2024-04-24
Left Leg of the Forbidden One,UR,Unlimited,LOB-EN121,20.99,0.90,Legend of Blue Eyes White Dragon (Worldwide English),LOB,2024-04-24
Left Leg of the Forbidden One,UR,Unlimited,LOB-121,15.50,0.90,The Legend of Blue Eyes White Dragon,LOB,2024-04-24
Left Leg of the Forbidden One,UR,1st Edition,LOB-121,499.99,0.90,The Legend of Blue Eyes White Dragon,LOB,2024-04-24
Legendary Sword,C,Unlimited,LOB-EN040,0.09,0.17,Legend of Blue Eyes White Dragon (25th Anniversary Edition),LOB,2024-04-24
Legendary Sword,C,Unlimited,LOB-EN040,0.00,0.17,Legend of Blue Eyes White Dragon (Worldwide English),LOB,2024-04-24
Legendary Sword,C,Unlimited,LOB-040,0.53,0.17,The Legend of Blue Eyes White Dragon,LOB,2024-04-24
Legendary Sword,C,1st Edition,LOB-040,18.63,0.17,The Legend of Blue Eyes White Dragon,LOB,2024-04-24
Lesser Dragon,C,Unlimited,LOB-EN113,0.06,0.53,Legend of Blue Eyes White Dragon (25th Anniversary Edition),LOB,2024-04-24
Lesser Dragon,C,Unlimited,LOB-EN113,0.00,0.53,Legend of Blue Eyes White Dragon (Worldwide English),LOB,2024-04-24
Lesser Dragon,C,Unlimited,LOB-113,0.16,0.53,The Legend of Blue Eyes White Dragon,LOB,2024-04-24
Lesser Dragon,C,1st Edition,LOB-113,1.72,0.53,The Legend of Blue Eyes White Dragon,LOB,2024-04-24
M-Warrior #1,C,Unlimited,LOB-EN076,0.07,0.24,Legend of Blue Eyes White Dragon (25th Anniversary Edition),LOB,2024-04-24
M-Warrior #1,C,Unlimited,LOB-EN076,0.00,0.24,Legend of Blue Eyes White Dragon (Worldwide English),LOB,2024-04-24
M-Warrior #1,C,Unlimited,LOB-076,0.23,0.24,The Legend of Blue Eyes White Dragon,LOB,2024-04-24
M-Warrior #1,C,1st Edition,LOB-076,2.14,0.24,The Legend of Blue Eyes White Dragon,LOB,2024-04-24
M-Warrior #2,C,Unlimited,LOB-EN077,0.11,0.36,Legend of Blue Eyes White Dragon (25th Anniversary Edition),LOB,2024-04-24
M-Warrior #2,C,Unlimited,LOB-EN077,0.00,0.36,Legend of Blue Eyes White Dragon (Worldwide English),LOB,2024-04-24
M-Warrior #2,C,Unlimited,LOB-077,0.18,0.36,The Legend of Blue Eyes White Dragon,LOB,2024-04-24
M-Warrior #2,C,1st Edition,LOB-077,1.73,0.36,The Legend of Blue Eyes White Dragon,LOB,2024-04-24
Machine Conversion Factory,C,Unlimited,LOB-EN096,0.09,0.09,Legend of Blue Eyes White Dragon (25th Anniversary Edition),LOB,2024-04-24
Machine Conversion Factory,C,Unlimited,LOB-EN096,0.00,0.09,Legend of Blue Eyes White Dragon (Worldwide English),LOB,2024-04-24
Machine Conversion Factory,C,Unlimited,LOB-096,0.38,0.09,The Legend of Blue Eyes White Dragon,LOB,2024-04-24
Machine Conversion Factory,C,1st Edition,LOB-096,13.51,0.09,The Legend of Blue Eyes White Dragon,LOB,2024-04-24
Mammoth Graveyard,C,Unlimited,LOB-EN009,0.06,0.13,Legend of Blue Eyes White Dragon (25th Anniversary Edition),LOB,2024-04-24
Mammoth Graveyard,C,Unlimited,LOB-EN009,0.01,0.13,Legend of Blue Eyes White Dragon (Worldwide English),LOB,2024-04-24
Mammoth Graveyard,C,Unlimited,LOB-009,0.21,0.13,The Legend of Blue Eyes White Dragon,LOB,2024-04-24
Mammoth Graveyard,C,1st Edition,LOB-009,2.39,0.13,The Legend of Blue Eyes White Dragon,LOB,2024-04-24
Man Eater,C,Unlimited,LOB-EN075,0.03,1.24,Legend of Blue Eyes White Dragon (25th Anniversary Edition),LOB,2024-04-24
Man Eater,C,Unlimited,LOB-EN075,0.13,1.24,Legend of Blue Eyes White Dragon (Worldwide English),LOB,2024-04-24
Man Eater,C,Unlimited,LOB-075,0.24,1.24,The Legend of Blue Eyes White Dragon,LOB,2024-04-24
Man Eater,C,1st Edition,LOB-075,0.86,1.24,The Legend of Blue Eyes White Dragon,LOB,2024-04-24
Man-Eater Bug,SR,Unlimited,LOB-EN108,1.58,0.10,Legend of Blue Eyes White Dragon (25th Anniversary Edition),LOB,2024-04-24
Man-Eater Bug,SR,Unlimited,LOB-EN108,3.42,0.10,Legend of Blue Eyes White Dragon (Worldwide English),LOB,2024-04-24
Man-Eater Bug,SR,Unlimited,LOB-108,1.67,0.10,The Legend of Blue Eyes White Dragon,LOB,2024-04-24
Man-Eater Bug,SR,1st Edition,LOB-108,89.33,0.10,The Legend of Blue Eyes White Dragon,LOB,2024-04-24
Masaki the Legendary Swordsman,C,Unlimited,LOB-EN038,0.11,0.09,Legend of Blue Eyes White Dragon (25th Anniversary Edition),LOB,2024-04-24
Masaki the Legendary Swordsman,C,Unlimited,LOB-EN038,1.75,0.09,Legend of Blue Eyes White Dragon (Worldwide English),LOB,2024-04-24
Masaki the Legendary Swordsman,C,Unlimited,LOB-038,0.21,0.09,The Legend of Blue Eyes White Dragon,LOB,2024-04-24
Masaki the Legendary Swordsman,C,1st Edition,LOB-038,1.31,0.09,The Legend of Blue Eyes White Dragon,LOB,2024-04-24
Meda Bat,C,Unlimited,LOB-EN083,0.05,0.28,Legend of Blue Eyes White Dragon (25th Anniversary Edition),LOB,2024-04-24
Meda Bat,C,Unlimited,LOB-EN083,0.48,0.28,Legend of Blue Eyes White Dragon (Worldwide English),LOB,2024-04-24
Meda Bat,C,Unlimited,LOB-083,0.21,0.28,The Legend of Blue Eyes White Dragon,LOB,2024-04-24
Meda Bat,C,1st Edition,LOB-083,0.82,0.28,The Legend of Blue Eyes White Dragon,LOB,2024-04-24
Metal Dragon,R,Unlimited,LOB-EN102,0.16,0.43,Legend of Blue Eyes White Dragon (25th Anniversary Edition),LOB,2024-04-24
Metal Dragon,R,Unlimited,LOB-EN102,3.00,0.43,Legend of Blue Eyes White Dragon (Worldwide English),LOB,2024-04-24
Metal Dragon,R,Unlimited,LOB-102,0.49,0.43,The Legend of Blue Eyes White Dragon,LOB,2024-04-24
Metal Dragon,R,1st Edition,LOB-102,21.32,0.43,The Legend of Blue Eyes White Dragon,LOB,2024-04-24
Misairuzame,C,Unlimited,LOB-EN111,0.04,0.87,Legend of Blue Eyes White Dragon (25th Anniversary Edition),LOB,2024-04-24
Misairuzame,C,Unlimited,LOB-EN111,0.00,0.87,Legend of Blue Eyes White Dragon (Worldwide English),LOB,2024-04-24
Misairuzame,C,Unlimited,LOB-111,0.16,0.87,The Legend of Blue Eyes White Dragon,LOB,2024-04-24
Misairuzame,C,1st Edition,LOB-111,1.14,0.87,The Legend of Blue Eyes White Dragon,LOB,2024-04-24
Monster Egg,C,Unlimited,LOB-EN017,0.05,0.24,Legend of Blue Eyes White Dragon (25th Anniversary Edition),LOB,2024-04-24
Monster Egg,C,Unlimited,LOB-EN017,0.35,0.24,Legend of Blue Eyes White Dragon (Worldwide English),LOB,2024-04-24
Monster Egg,C,Unlimited,LOB-017,0.17,0.24,The Legend of Blue Eyes White Dragon,LOB,2024-04-24
Monster Egg,C,1st Edition,LOB-017,1.36,0.24,The Legend of Blue Eyes White Dragon,LOB,2024-04-24
Monster Reborn,UR,Unlimited,LOB-EN118,9.46,0.15,Legend of Blue Eyes White Dragon (25th Anniversary Edition),LOB,2024-04-24
Monster Reborn,UR,Unlimited,LOB-EN118,11.36,0.15,Legend of Blue Eyes White Dragon (Worldwide English),LOB,2024-04-24
Monster Reborn,UR,Unlimited,LOB-118,11.94,0.15,The Legend of Blue Eyes White Dragon,LOB,2024-04-24
Monster Reborn,UR,1st Edition,LOB-118,201.17,0.15,The Legend of Blue Eyes White Dragon,LOB,2024-04-24
Mountain,C,Unlimited,LOB-EN048,0.14,0.03,Legend of Blue Eyes White Dragon (25th Anniversary Edition),LOB,2024-04-24
Mountain,C,Unlimited,LOB-EN048,0.00,0.03,Legend of Blue Eyes White Dragon (Worldwide English),LOB,2024-04-24
Mountain,C,Unlimited,LOB-048,0.34,0.03,The Legend of Blue Eyes White Dragon,LOB,2024-04-24
Mountain,C,1st Edition,LOB-048,3.08,0.03,The Legend of Blue Eyes White Dragon,LOB,2024-04-24
Mystical Elf,SR,Unlimited,LOB-EN062,0.96,0.05,Legend of Blue Eyes White Dragon (25th Anniversary Edition),LOB,2024-04-24
Mystical Elf,SR,Unlimited,LOB-EN062,3.17,0.05,Legend of Blue Eyes White Dragon (Worldwide English),LOB,2024-04-24
Mystical Elf,SR,Unlimited,LOB-062,3.26,0.05,The Legend of Blue Eyes White Dragon,LOB,2024-04-24
Mystical Elf,SR,1st Edition,LOB-062,109.99,0.05,The Legend of Blue Eyes White Dragon,LOB,2024-04-24
Mystical Moon,C,Unlimited,LOB-EN094,0.05,0.06,Legend of Blue Eyes White Dragon (25th Anniversary Edition),LOB,2024-04-24
Mystical Moon,C,Unlimited,LOB-EN094,0.39,0.06,Legend of Blue Eyes White Dragon (Worldwide English),LOB,2024-04-24
Mystical Moon,C,Unlimited,LOB-094,0.43,0.06,The Legend of Blue Eyes White Dragon,LOB,2024-04-24
Mystical Moon,C,1st Edition,LOB-094,15.25,0.06,The Legend of Blue Eyes White Dragon,LOB,2024-04-24
Mystical Sheep #2,C,Unlimited,LOB-EN037,0.06,0.19,Legend of Blue Eyes White Dragon (25th Anniversary Edition),LOB,2024-04-24
Mystical Sheep #2,C,Unlimited,LOB-EN037,0.10,0.19,Legend of Blue Eyes White Dragon (Worldwide English),LOB,2024-04-24
Mystical Sheep #2,C,Unlimited,LOB-037,0.16,0.19,The Legend of Blue Eyes White Dragon,LOB,2024-04-24
Mystical Sheep #2,C,1st Edition,LOB-037,0.80,0.19,The Legend of Blue Eyes White Dragon,LOB,2024-04-24
Nemuriko,C,Unlimited,LOB-EN013,0.02,0.47,Legend of Blue Eyes White Dragon (25th Anniversary Edition),LOB,2024-04-24
Nemuriko,C,Unlimited,LOB-EN013,0.00,0.47,Legend of Blue Eyes White Dragon (Worldwide English),LOB,2024-04-24
Nemuriko,C,Unlimited,LOB-013,0.19,0.47,The Legend of Blue Eyes White Dragon,LOB,2024-04-24
Nemuriko,C,1st Edition,LOB-013,0.95,0.47,The Legend of Blue Eyes White Dragon,LOB,2024-04-24
One-Eyed Shield Dragon,C,Unlimited,LOB-EN087,0.06,0.12,Legend of Blue Eyes White Dragon (25th Anniversary Edition),LOB,2024-04-24
One-Eyed Shield Dragon,C,Unlimited,LOB-EN087,0.00,0.12,Legend of Blue Eyes White Dragon (Worldwide English),LOB,2024-04-24
One-Eyed Shield Dragon,C,Unlimited,LOB-087,0.17,0.12,The Legend of Blue Eyes White Dragon,LOB,2024-04-24
One-Eyed Shield Dragon,C,1st Edition,LOB-087,0.96,0.12,The Legend of Blue Eyes White Dragon,LOB,2024-04-24
Petit Angel,C,Unlimited,LOB-EN025,0.09,0.29,Legend of Blue Eyes White Dragon (25th Anniversary Edition),LOB,2024-04-24
Petit Angel,C,Unlimited,LOB-EN025,0.35,0.29,Legend of Blue Eyes White Dragon (Worldwide English),LOB,2024-04-24
Petit Angel,C,Unlimited,LOB-025,0.26,0.29,The Legend of Blue Eyes White Dragon,LOB,2024-04-24
Petit Angel,C,1st Edition,LOB-025,1.68,0.29,The Legend of Blue Eyes White Dragon,LOB,2024-04-24
Petit Dragon,C,Unlimited,LOB-EN024,0.12,1.07,Legend of Blue Eyes White Dragon (25th Anniversary Edition),LOB,2024-04-24
Petit Dragon,C,Unlimited,LOB-EN024,0.26,1.07,Legend of Blue Eyes White Dragon (Worldwide English),LOB,2024-04-24
Petit Dragon,C,Unlimited,LOB-024,0.32,1.07,The Legend of Blue Eyes White Dragon,LOB,2024-04-24
Petit Dragon,C,1st Edition,LOB-024,1.30,1.07,The Legend of Blue Eyes White Dragon,LOB,2024-04-24
Polymerization,SR,Unlimited,LOB-EN059,3.47,0.02,Legend of Blue Eyes White Dragon (25th Anniversary Edition),LOB,2024-04-24
Polymerization,SR,Unlimited,LOB-EN059,3.79,0.02,Legend of Blue Eyes White Dragon (Worldwide English),LOB,2024-04-24
Polymerization,SR,Unlimited,LOB-059,4.52,0.02,The Legend of Blue Eyes White Dragon,LOB,2024-04-24
Polymerization,SR,1st Edition,LOB-059,53.96,0.02,The Legend of Blue Eyes White Dragon,LOB,2024-04-24
Pot of Greed,R,Unlimited,LOB-EN119,2.77,0.85,Legend of Blue Eyes White Dragon (25th Anniversary Edition),LOB,2024-04-24
Pot of Greed,R,Unlimited,LOB-EN119,2.87,0.85,Legend of Blue Eyes White Dragon (Worldwide English),LOB,2024-04-24
Pot of Greed,R,Unlimited,LOB-119,3.09,0.85,The Legend of Blue Eyes White Dragon,LOB,2024-04-24
Pot of Greed,R,1st Edition,LOB-119,65.14,0.85,The Legend of Blue Eyes White Dragon,LOB,2024-04-24
Power of Kaishin,C,Unlimited,LOB-EN044,0.05,0.10,Legend of Blue Eyes White Dragon (25th Anniversary Edition),LOB,2024-04-24
Power of Kaishin,C,Unlimited,LOB-EN044,0.00,0.10,Legend of Blue Eyes White Dragon (Worldwide English),LOB,2024-04-24
Power of Kaishin,C,Unlimited,LOB-044,0.30,0.10,The Legend of Blue Eyes White Dragon,LOB,2024-04-24
Power of Kaishin,C,1st Edition,LOB-044,9.83,0.10,The Legend of Blue Eyes White Dragon,LOB,2024-04-24
Raigeki,SR,Unlimited,LOB-EN053,3.01,1.16,Legend of Blue Eyes White Dragon (25th Anniversary Edition),LOB,2024-04-24
Raigeki,SR,Unlimited,LOB-EN053,2.20,1.16,Legend of Blue Eyes White Dragon (Worldwide English),LOB,2024-04-24
Raigeki,SR,Unlimited,LOB-053,4.70,1.16,The Legend of Blue Eyes White Dragon,LOB,2024-04-24
Raigeki,SR,1st Edition,LOB-053,69.52,1.16,The Legend of Blue Eyes White Dragon,LOB,2024-04-24
Raise Body Heat,C,Unlimited,LOB-EN097,0.09,0.10,Legend of Blue Eyes White Dragon (25th Anniversary Edition),LOB,2024-04-24
Raise Body Heat,C,Unlimited,LOB-EN097,0.00,0.10,Legend of Blue Eyes White Dragon (Worldwide English),LOB,2024-04-24
Raise Body Heat,C,Unlimited,LOB-097,0.45,0.10,The Legend of Blue Eyes White Dragon,LOB,2024-04-24
Raise Body Heat,C,1st Edition,LOB-097,21.81,0.10,The Legend of Blue Eyes White Dragon,LOB,2024-04-24
Ray & Temperature,C,Unlimited,LOB-EN035,0.04,0.77,Legend of Blue Eyes White Dragon (25th Anniversary Edition),LOB,2024-04-24
Ray & Temperature,C,Unlimited,LOB-EN035,0.69,0.77,Legend of Blue Eyes White Dragon (Worldwide English),LOB,2024-04-24
Ray & Temperature,C,Unlimited,LOB-035,0.21,0.77,The Legend of Blue Eyes White Dragon,LOB,2024-04-24
Ray & Temperature,C,1st Edition,LOB-035,2.37,0.77,The Legend of Blue Eyes White Dragon,LOB,2024-04-24
Reaper of the Cards,R,Unlimited,LOB-EN071,0.20,0.33,Legend of Blue Eyes White Dragon (25th Anniversary Edition),LOB,2024-04-24
Reaper of the Cards,R,Unlimited,LOB-EN071,1.37,0.33,Legend of Blue Eyes White Dragon (Worldwide English),LOB,2024-04-24
Reaper of the Cards,R,Unlimited,LOB-071,0.36,0.33,The Legend of Blue Eyes White Dragon,LOB,2024-04-24
Reaper of the Cards,R,1st Edition,LOB-071,13.08,0.33,The Legend of Blue Eyes White Dragon,LOB,2024-04-24
Red Medicine,C,Unlimited,LOB-EN054,0.04,0.05,Legend of Blue Eyes White Dragon (25th Anniversary Edition),LOB,2024-04-24
Red Medicine,C,Unlimited,LOB-EN054,0.30,0.05,Legend of Blue Eyes White Dragon (Worldwide English),LOB,2024-04-24
Red Medicine,C,Unlimited,LOB-054,0.17,0.05,The Legend of Blue Eyes White Dragon,LOB,2024-04-24
Red Medicine,C,1st Edition,LOB-054,0.68,0.05,The Legend of Blue Eyes White Dragon,LOB,2024-04-24
Red-Eyes Black Dragon,UR,Unlimited,LOB-EN070,28.87,0.11,Legend of Blue Eyes White Dragon (25th Anniversary Edition),LOB,2024-04-24
Red-Eyes Black Dragon,UR,Unlimited,LOB-EN070,48.91,0.11,Legend of Blue Eyes White Dragon (Worldwide English),LOB,2024-04-24
Red-Eyes Black Dragon,UR,Unlimited,LOB-070,25.94,0.11,The Legend of Blue Eyes White Dragon,LOB,2024-04-24
Red-Eyes Black Dragon,UR,1st Edition,LOB-070,404.98,0.11,The Legend of Blue Eyes White Dragon,LOB,2024-04-24
Remove Trap,C,Unlimited,LOB-EN060,0.10,0.11,Legend of Blue Eyes White Dragon (25th Anniversary Edition),LOB,2024-04-24
Remove Trap,C,Unlimited,LOB-EN060,0.00,0.11,Legend of Blue Eyes White Dragon (Worldwide English),LOB,2024-04-24
Remove Trap,C,Unlimited,LOB-060,0.35,0.11,The Legend of Blue Eyes White Dragon,LOB,2024-04-24
Remove Trap,C,1st Edition,LOB-060,1.88,0.11,The Legend of Blue Eyes White Dragon,LOB,2024-04-24
Right Arm of the Forbidden One,UR,Unlimited,LOB-EN122,14.92,1.06,Legend of Blue Eyes White Dragon (25th Anniversary Edition),LOB,2024-04-24
Right Arm of the Forbidden One,UR,Unlimited,LOB-EN122,8.20,1.06,Legend of Blue Eyes White Dragon (Worldwide English),LOB,2024-04-24
Right Arm of the Forbidden One,UR,Unlimited,LOB-122,16.97,1.06,The Legend of Blue Eyes White Dragon,LOB,2024-04-24
Right Arm of the Forbidden One,UR,1st Edition,LOB-122,219.99,1.06,The Legend of Blue Eyes White Dragon,LOB,2024-04-24
Right Leg of the Forbidden One,UR,Unlimited,LOB-EN120,11.80,0.94,Legend of Blue Eyes White Dragon (25th Anniversary Edition),LOB,2024-04-24
Right Leg of the Forbidden One,UR,Unlimited,LOB-EN120,24.71,0.94,Legend of Blue Eyes White Dragon (Worldwide English),LOB,2024-04-24
Right Leg of the Forbidden One,UR,Unlimited,LOB-120,14.66,0.94,The Legend of Blue Eyes White Dragon,LOB,2024-04-24
Right Leg of the Forbidden One,UR,1st Edition,LOB-120,272.45,0.94,The Legend of Blue Eyes White Dragon,LOB,2024-04-24
Root Water,C,Unlimited,LOB-EN032,0.05,0.48,Legend of Blue Eyes White Dragon (25th Anniversary Edition),LOB,2024-04-24
Root Water,C,Unlimited,LOB-EN032,0.00,0.48,Legend of Blue Eyes White Dragon (Worldwide English),LOB,2024-04-24
Root Water,C,Unlimited,LOB-032,0.17,0.48,The Legend of Blue Eyes White Dragon,LOB,2024-04-24
Root Water,C,1st Edition,LOB-032,0.72,0.48,The Legend of Blue Eyes White Dragon,LOB,2024-04-24
Sand Stone,C,Unlimited,LOB-EN109,0.03,0.16,Legend of Blue Eyes White Dragon (25th Anniversary Edition),LOB,2024-04-24
Sand Stone,C,Unlimited,LOB-EN109,0.00,0.16,Legend of Blue Eyes White Dragon (Worldwide English),LOB,2024-04-24
Sand Stone,C,Unlimited,LOB-109,0.18,0.16,The Legend of Blue Eyes White Dragon,LOB,2024-04-24
Sand Stone,C,1st Edition,LOB-109,0.77,0.16,The Legend of Blue Eyes White Dragon,LOB,2024-04-24
Silver Bow and Arrow,C,Unlimited,LOB-EN091,0.08,2.78,Legend of Blue Eyes White Dragon (25th Anniversary Edition),LOB,2024-04-24
Silver Bow and Arrow,C,Unlimited,LOB-EN091,1.98,2.78,Legend of Blue Eyes White Dragon (Worldwide English),LOB,2024-04-24
Silver Bow and Arrow,C,Unlimited,LOB-091,0.41,2.78,The Legend of Blue Eyes White Dragon,LOB,2024-04-24
Silver Bow and Arrow,C,1st Edition,LOB-091,18.94,2.78,The Legend of Blue Eyes White Dragon,LOB,2024-04-24
Silver Fang,C,Unlimited,LOB-EN010,0.08,0.13,Legend of Blue Eyes White Dragon (25th Anniversary Edition),LOB,2024-04-24
Silver Fang,C,Unlimited,LOB-EN010,0.29,0.13,Legend of Blue Eyes White Dragon (Worldwide English),LOB,2024-04-24
Silver Fang,C,Unlimited,LOB-010,0.25,0.13,The Legend of Blue Eyes White Dragon,LOB,2024-04-24
Silver Fang,C,1st Edition,LOB-010,2.96,0.13,The Legend of Blue Eyes White Dragon,LOB,2024-04-24
Skull Red Bird,C,Unlimited,LOB-EN105,0.08,0.09,Legend of Blue Eyes White Dragon (25th Anniversary Edition),LOB,2024-04-24
Skull Red Bird,C,Unlimited,LOB-EN105,0.00,0.09,Legend of Blue Eyes White Dragon (Worldwide English),LOB,2024-04-24
Skull Red Bird,C,Unlimited,LOB-105,0.17,0.09,The Legend of Blue Eyes White Dragon,LOB,2024-04-24
Skull Red Bird,C,1st Edition,LOB-105,2.15,0.09,The Legend of Blue Eyes White Dragon,LOB,2024-04-24
Skull Servant,C,Unlimited,LOB-EN004,0.32,0.84,Legend of Blue Eyes White Dragon (25th Anniversary Edition),LOB,2024-04-24
Skull Servant,C,Unlimited,LOB-EN004,1.10,0.84,Legend of Blue Eyes White Dragon (Worldwide English),LOB,2024-04-24
Skull Servant,C,Unlimited,LOB-004,0.48,0.84,The Legend of Blue Eyes White Dragon,LOB,2024-04-24
Skull Servant,C,1st Edition,LOB-004,2.94,0.84,The Legend of Blue Eyes White Dragon,LOB,2024-04-24
Sogen,C,Unlimited,LOB-EN049,0.07,0.04,Legend of Blue Eyes White Dragon (25th Anniversary Edition),LOB,2024-04-24
Sogen,C,Unlimited,LOB-EN049,0.25,0.04,Legend of Blue Eyes White Dragon (Worldwide English),LOB,2024-04-24
Sogen,C,Unlimited,LOB-049,0.28,0.04,The Legend of Blue Eyes White Dragon,LOB,2024-04-24
Sogen,C,1st Edition,LOB-049,3.30,0.04,The Legend of Blue Eyes White Dragon,LOB,2024-04-24
Sparks,C,Unlimited,LOB-EN055,0.03,0.56,Legend of Blue Eyes White Dragon (25th Anniversary Edition),LOB,2024-04-24
Sparks,C,Unlimited,LOB-EN055,2.29,0.56,Legend of Blue Eyes White Dragon (Worldwide English),LOB,2024-04-24
Sparks,C,Unlimited,LOB-055,0.28,0.56,The Legend of Blue Eyes White Dragon,LOB,2024-04-24
Sparks,C,1st Edition,LOB-055,2.33,0.56,The Legend of Blue Eyes White Dragon,LOB,2024-04-24
Spike Seadra,C,Unlimited,LOB-EN103,0.05,0.57,Legend of Blue Eyes White Dragon (25th Anniversary Edition),LOB,2024-04-24
Spike Seadra,C,Unlimited,LOB-EN103,0.07,0.57,Legend of Blue Eyes White Dragon (Worldwide English),LOB,2024-04-24
Spike Seadra,C,Unlimited,LOB-103,0.19,0.57,The Legend of Blue Eyes White Dragon,LOB,2024-04-24
Spike Seadra,C,1st Edition,LOB-103,2.04,0.57,The Legend of Blue Eyes White Dragon,LOB,2024-04-24
Spirit of the Harp,R,Unlimited,LOB-EN078,0.16,0.06,Legend of Blue Eyes White Dragon (25th Anniversary Edition),LOB,2024-04-24
Spirit of the Harp,R,Unlimited,LOB-EN078,0.86,0.06,Legend of Blue Eyes White Dragon (Worldwide English),LOB,2024-04-24
Spirit of the Harp,R,Unlimited,LOB-078,0.37,0.06,The Legend of Blue Eyes White Dragon,LOB,2024-04-24
Spirit of the Harp,R,1st Edition,LOB-078,9.80,0.06,The Legend of Blue Eyes White Dragon,LOB,2024-04-24
Steel Ogre Grotto #1,C,Unlimited,LOB-EN112,0.08,0.12,Legend of Blue Eyes White Dragon (25th Anniversary Edition),LOB,2024-04-24
Steel Ogre Grotto #1,C,Unlimited,LOB-EN112,0.40,0.12,Legend of Blue Eyes White Dragon (Worldwide English),LOB,2024-04-24
Steel Ogre Grotto #1,C,Unlimited,LOB-112,0.16,0.12,The Legend of Blue Eyes White Dragon,LOB,2024-04-24
Steel Ogre Grotto #1,C,1st Edition,LOB-112,1.98,0.12,The Legend of Blue Eyes White Dragon,LOB,2024-04-24
Stop Defense,R,Unlimited,LOB-EN095,0.23,0.21,Legend of Blue Eyes White Dragon (25th Anniversary Edition),LOB,2024-04-24
Stop Defense,R,Unlimited,LOB-EN095,0.40,0.21,Legend of Blue Eyes White Dragon (Worldwide English),LOB,2024-04-24
Stop Defense,R,Unlimited,LOB-095,0.60,0.21,The Legend of Blue Eyes White Dragon,LOB,2024-04-24
Stop Defense,R,1st Edition,LOB-095,16.58,0.21,The Legend of Blue Eyes White Dragon,LOB,2024-04-24
Succubus Knight,C,Unlimited,LOB-EN117,0.05,1.05,Legend of Blue Eyes White Dragon (25th Anniversary Edition),LOB,2024-04-24
Succubus Knight,C,Unlimited,LOB-EN117,0.00,1.05,Legend of Blue Eyes White Dragon (Worldwide English),LOB,2024-04-24
Succubus Knight,C,Unlimited,LOB-117,0.24,1.05,The Legend of Blue Eyes White Dragon,LOB,2024-04-24
Succubus Knight,C,1st Edition,LOB-117,1.79,1.05,The Legend of Blue Eyes White Dragon,LOB,2024-04-24
Swords of Revealing Light,SR,Unlimited,LOB-EN101,1.31,0.04,Legend of Blue Eyes White Dragon (25th Anniversary Edition),LOB,2024-04-24
Swords of Revealing Light,SR,Unlimited,LOB-EN101,2.83,0.04,Legend of Blue Eyes White Dragon (Worldwide English),LOB,2024-04-24
Swords of Revealing Light,SR,Unlimited,LOB-101,2.31,0.04,The Legend of Blue Eyes White Dragon,LOB,2024-04-24
Swords of Revealing Light,SR,1st Edition,LOB-101,98.50,0.04,The Legend of Blue Eyes White Dragon,LOB,2024-04-24
Terra the Terrible,C,Unlimited,LOB-EN080,0.04,0.35,Legend of Blue Eyes White Dragon (25th Anniversary Edition),LOB,2024-04-24
Terra the Terrible,C,Unlimited,LOB-EN080,0.00,0.35,Legend of Blue Eyes White Dragon (Worldwide English),LOB,2024-04-24
Terra the Terrible,C,Unlimited,LOB-080,0.18,0.35,The Legend of Blue Eyes White Dragon,LOB,2024-04-24
Terra the Terrible,C,1st Edition,LOB-080,1.58,0.35,The Legend of Blue Eyes White Dragon,LOB,2024-04-24
The 13th Grave,C,Unlimited,LOB-EN014,0.07,0.49,Legend of Blue Eyes White Dragon (25th Anniversary Edition),LOB,2024-04-24
The 13th Grave,C,Unlimited,LOB-EN014,0.00,0.49,Legend of Blue Eyes White Dragon (Worldwide English),LOB,2024-04-24
The 13th Grave,C,Unlimited,LOB-014,0.19,0.49,The Legend of Blue Eyes White Dragon,LOB,2024-04-24
The 13th Grave,C,1st Edition,LOB-014,1.65,0.49,The Legend of Blue Eyes White Dragon,LOB,2024-04-24
The Furious Sea King,C,Unlimited,LOB-EN033,0.04,0.25,Legend of Blue Eyes White Dragon (25th Anniversary Edition),LOB,2024-04-24
The Furious Sea King,C,Unlimited,LOB-EN033,0.35,0.25,Legend of Blue Eyes White Dragon (Worldwide English),LOB,2024-04-24
The Furious Sea King,C,Unlimited,LOB-033,0.21,0.25,The Legend of Blue Eyes White Dragon,LOB,2024-04-24
The Furious Sea King,C,1st Edition,LOB-033,0.91,0.25,The Legend of Blue Eyes White Dragon,LOB,2024-04-24
Trap Hole,SR,Unlimited,LOB-EN058,1.04,0.06,Legend of Blue Eyes White Dragon (25th Anniversary Edition),LOB,2024-04-24
Trap Hole,SR,Unlimited,LOB-EN058,4.49,0.06,Legend of Blue Eyes White Dragon (Worldwide English),LOB,2024-04-24
Trap Hole,SR,Unlimited,LOB-058,1.57,0.06,The Legend of Blue Eyes White Dragon,LOB,2024-04-24
Trap Hole,SR,1st Edition,LOB-058,42.68,0.06,The Legend of Blue Eyes White Dragon,LOB,2024-04-24
Tri-Horned Dragon,ScR,Unlimited,LOB-EN000,2.85,4.14,Legend of Blue Eyes White Dragon (25th Anniversary Edition),LOB,2024-04-24
Tri-Horned Dragon,ScR,Unlimited,LOB-000,13.28,4.14,The Legend of Blue Eyes White Dragon,LOB,2024-04-24
Tri-Horned Dragon,ScR,Unlimited,LOB-EN000,8.71,4.14,The Legend of Blue Eyes White Dragon,LOB,2024-04-24
Tri-Horned Dragon,ScR,1st Edition,LOB-000,285.99,4.14,The Legend of Blue Eyes White Dragon,LOB,2024-04-24
Trial of Nightmare,C,Unlimited,LOB-EN012,0.05,0.22,Legend of Blue Eyes White Dragon (25th Anniversary Edition),LOB,2024-04-24
Trial of Nightmare,C,Unlimited,LOB-EN012,0.00,0.22,Legend of Blue Eyes White Dragon (Worldwide English),LOB,2024-04-24
Trial of Nightmare,C,1st Edition,LOB-012,0.00,0.22,The Legend of Blue Eyes White Dragon,LOB,2024-04-24
Trial of Nightmare,C,Unlimited,LOB-012,0.21,0.22,The Legend of Blue Eyes White Dragon,LOB,2024-04-24
Trial of Nightmare,C,1st Edition,LOB-012,11.03,0.22,The Legend of Blue Eyes White Dragon,LOB,2024-04-24
Trial of Nightmare,C,Unlimited,LOB-012,15.28,0.22,The Legend of Blue Eyes White Dragon,LOB,2024-04-24
Tripwire Beast,C,Unlimited,LOB-EN104,0.05,1.53,Legend of Blue Eyes White Dragon (25th Anniversary Edition),LOB,2024-04-24
Tripwire Beast,C,Unlimited,LOB-EN104,0.00,1.53,Legend of Blue Eyes White Dragon (Worldwide English),LOB,2024-04-24
Tripwire Beast,C,Unlimited,LOB-104,0.20,1.53,The Legend of Blue Eyes White Dragon,LOB,2024-04-24
Tripwire Beast,C,1st Edition,LOB-104,0.50,1.53,The Legend of Blue Eyes White Dragon,LOB,2024-04-24
Turtle Tiger,C,Unlimited,LOB-EN023,0.05,0.06,Legend of Blue Eyes White Dragon (25th Anniversary Edition),LOB,2024-04-24
Turtle Tiger,C,Unlimited,LOB-EN023,0.00,0.06,Legend of Blue Eyes White Dragon (Worldwide English),LOB,2024-04-24
Turtle Tiger,C,Unlimited,LOB-023,0.15,0.06,The Legend of Blue Eyes White Dragon,LOB,2024-04-24
Turtle Tiger,C,1st Edition,LOB-023,1.83,0.06,The Legend of Blue Eyes White Dragon,LOB,2024-04-24
Two-Mouth Darkruler,C,Unlimited,LOB-EN030,0.07,0.58,Legend of Blue Eyes White Dragon (25th Anniversary Edition),LOB,2024-04-24
Two-Mouth Darkruler,C,Unlimited,LOB-EN030,0.35,0.58,Legend of Blue Eyes White Dragon (Worldwide English),LOB,2024-04-24
Two-Mouth Darkruler,C,Unlimited,LOB-030,0.19,0.58,The Legend of Blue Eyes White Dragon,LOB,2024-04-24
Two-Mouth Darkruler,C,1st Edition,LOB-030,1.96,0.58,The Legend of Blue Eyes White Dragon,LOB,2024-04-24
Two-Pronged Attack,R,Unlimited,LOB-EN061,0.08,0.09,Legend of Blue Eyes White Dragon (25th Anniversary Edition),LOB,2024-04-24
Two-Pronged Attack,R,Unlimited,LOB-EN061,0.00,0.09,Legend of Blue Eyes White Dragon (Worldwide English),LOB,2024-04-24
Two-Pronged Attack,R,Unlimited,LOB-061,0.34,0.09,The Legend of Blue Eyes White Dragon,LOB,2024-04-24
Two-Pronged Attack,R,1st Edition,LOB-061,9.02,0.09,The Legend of Blue Eyes White Dragon,LOB,2024-04-24
Tyhone,C,Unlimited,LOB-EN063,0.05,0.94,Legend of Blue Eyes White Dragon (25th Anniversary Edition),LOB,2024-04-24
Tyhone,C,Unlimited,LOB-EN063,0.00,0.94,Legend of Blue Eyes White Dragon (Worldwide English),LOB,2024-04-24
Tyhone,C,Unlimited,LOB-063,0.17,0.94,The Legend of Blue Eyes White Dragon,LOB,2024-04-24
Tyhone,C,1st Edition,LOB-063,0.95,0.94,The Legend of Blue Eyes White Dragon,LOB,2024-04-24
Umi,C,Unlimited,LOB-EN050,0.15,0.13,Legend of Blue Eyes White Dragon (25th Anniversary Edition),LOB,2024-04-24
Umi,C,Unlimited,LOB-EN050,1.00,0.13,Legend of Blue Eyes White Dragon (Worldwide English),LOB,2024-04-24
Umi,C,Unlimited,LOB-050,0.41,0.13,The Legend of Blue Eyes White Dragon,LOB,2024-04-24
Umi,C,1st Edition,LOB-050,4.94,0.13,The Legend of Blue Eyes White Dragon,LOB,2024-04-24
Uraby,C,Unlimited,LOB-EN069,0.04,0.07,Legend of Blue Eyes White Dragon (25th Anniversary Edition),LOB,2024-04-24
Uraby,C,Unlimited,LOB-EN069,0.01,0.07,Legend of Blue Eyes White Dragon (Worldwide English),LOB,2024-04-24
Uraby,C,Unlimited,LOB-069,0.23,0.07,The Legend of Blue Eyes White Dragon,LOB,2024-04-24
Uraby,C,1st Edition,LOB-069,2.10,0.07,The Legend of Blue Eyes White Dragon,LOB,2024-04-24
Vile Germs,C,Unlimited,LOB-EN090,0.05,0.49,Legend of Blue Eyes White Dragon (25th Anniversary Edition),LOB,2024-04-24
Vile Germs,C,Unlimited,LOB-EN090,0.00,0.49,Legend of Blue Eyes White Dragon (Worldwide English),LOB,2024-04-24
Vile Germs,C,Unlimited,LOB-090,0.33,0.49,The Legend of Blue Eyes White Dragon,LOB,2024-04-24
Vile Germs,C,1st Edition,LOB-090,9.53,0.49,The Legend of Blue Eyes White Dragon,LOB,2024-04-24
Violet Crystal,C,Unlimited,LOB-EN042,0.05,0.13,Legend of Blue Eyes White Dragon (25th Anniversary Edition),LOB,2024-04-24
Violet Crystal,C,Unlimited,LOB-EN042,0.00,0.13,Legend of Blue Eyes White Dragon (Worldwide English),LOB,2024-04-24
Violet Crystal,C,Unlimited,LOB-042,0.42,0.13,The Legend of Blue Eyes White Dragon,LOB,2024-04-24
Violet Crystal,C,1st Edition,LOB-042,18.31,0.13,The Legend of Blue Eyes White Dragon,LOB,2024-04-24
Wasteland,C,Unlimited,LOB-EN047,0.08,0.13,Legend of Blue Eyes White Dragon (25th Anniversary Edition),LOB,2024-04-24
Wasteland,C,Unlimited,LOB-EN047,0.00,0.13,Legend of Blue Eyes White Dragon (Worldwide English),LOB,2024-04-24
Wasteland,C,Unlimited,LOB-047,0.18,0.13,The Legend of Blue Eyes White Dragon,LOB,2024-04-24
Wasteland,C,1st Edition,LOB-047,1.39,0.13,The Legend of Blue Eyes White Dragon,LOB,2024-04-24
Witty Phantom,C,Unlimited,LOB-EN072,0.05,0.19,Legend of Blue Eyes White Dragon (25th Anniversary Edition),LOB,2024-04-24
Witty Phantom,C,Unlimited,LOB-EN072,0.00,0.19,Legend of Blue Eyes White Dragon (Worldwide English),LOB,2024-04-24
Witty Phantom,C,Unlimited,LOB-072,0.21,0.19,The Legend of Blue Eyes White Dragon,LOB,2024-04-24
Witty Phantom,C,1st Edition,LOB-072,2.16,0.19,The Legend of Blue Eyes White Dragon,LOB,2024-04-24
Yami,C,Unlimited,LOB-EN051,0.09,0.09,Legend of Blue Eyes White Dragon (25th Anniversary Edition),LOB,2024-04-24
Yami,C,Unlimited,LOB-EN051,0.20,0.09,Legend of Blue Eyes White Dragon (Worldwide English),LOB,2024-04-24
Yami,C,Unlimited,LOB-051,0.36,0.09,The Legend of Blue Eyes White Dragon,LOB,2024-04-24
Yami,C,1st Edition,LOB-051,3.30,0.09,The Legend of Blue Eyes White Dragon,LOB,2024-04-24
